FILE|image-055.jpg|68|1789547512|image/png|431ced6916a2a21a156e38701afe55bbd7f88969fbbfc56d7fe099d47f265460
FILE|image-041.jpg|68|1789547512|image/png|431ced6916a2a21a156e38701afe55bbd7f88969fbbfc56d7fe099d47f265460
FILE|image-040.jpg|68|1789547512|image/png|431ced6916a2a21a156e38701afe55bbd7f88969fbbfc56d7fe099d47f265460
FILE|image-054.jpg|68|1789547512|image/png|431ced6916a2a21a156e38701afe55bbd7f88969fbbfc56d7fe099d47f265460
FILE|image-042.jpg|68|1789547512|image/png|431ced6916a2a21a156e38701afe55bbd7f88969fbbfc56d7fe099d47f265460
FILE|image-056.jpg|68|1789547512|image/png|431ced6916a2a21a156e38701afe55bbd7f88969fbbfc56d7fe099d47f265460
FILE|image-057.jpg|68|1789547512|image/png|431ced6916a2a21a156e38701afe55bbd7f88969fbbfc56d7fe099d47f265460
FILE|image-043.jpg|68|1789547512|image/png|431ced6916a2a21a156e38701afe55bbd7f88969fbbfc56d7fe099d47f265460
FILE|image-047.jpg|68|1789547512|image/png|431ced6916a2a21a156e38701afe55bbd7f88969fbbfc56d7fe099d47f265460
FILE|image-053.jpg|68|1789547512|image/png|431ced6916a2a21a156e38701afe55bbd7f88969fbbfc56d7fe099d47f265460
FILE|image-052.jpg|68|1789547512|image/png|431ced6916a2a21a156e38701afe55bbd7f88969fbbfc56d7fe099d47f265460
FILE|image-046.jpg|68|1789547512|image/png|431ced6916a2a21a156e38701afe55bbd7f88969fbbfc56d7fe099d47f265460
FILE|image-050.jpg|68|1789547512|image/png|431ced6916a2a21a156e38701afe55bbd7f88969fbbfc56d7fe099d47f265460
FILE|image-044.jpg|68|1789547512|image/png|431ced6916a2a21a156e38701afe55bbd7f88969fbbfc56d7fe099d47f265460
FILE|image-045.jpg|68|1789547512|image/png|431ced6916a2a21a156e38701afe55bbd7f88969fbbfc56d7fe099d47f265460
FILE|image-051.jpg|68|1789547512|image/png|431ced6916a2a21a156e38701afe55bbd7f88969fbbfc56d7fe099d47f265460
FILE|image-036.jpg|68|1789547512|image/png|431ced6916a2a21a156e38701afe55bbd7f88969fbbfc56d7fe099d47f265460
FILE|image-022.jpg|68|1789547512|image/png|431ced6916a2a21a156e38701afe55bbd7f88969fbbfc56d7fe099d47f265460
FILE|image-023.jpg|68|1789547512|image/png|431ced6916a2a21a156e38701afe55bbd7f88969fbbfc56d7fe099d47f265460
FILE|image-037.jpg|68|1789547512|image/png|431ced6916a2a21a156e38701afe55bbd7f88969fbbfc56d7fe099d47f265460
FILE|image-009.jpg|68|1789547512|image/png|431ced6916a2a21a156e38701afe55bbd7f88969fbbfc56d7fe099d47f265460
FILE|image-021.jpg|68|1789547512|image/png|431ced6916a2a21a156e38701afe55bbd7f88969fbbfc56d7fe099d47f265460
FILE|image-035.jpg|68|1789547512|image/png|431ced6916a2a21a156e38701afe55bbd7f88969fbbfc56d7fe099d47f265460
FILE|image-034.jpg|68|1789547512|image/png|431ced6916a2a21a156e38701afe55bbd7f88969fbbfc56d7fe099d47f265460
FILE|image-020.jpg|68|1789547512|image/png|431ced6916a2a21a156e38701afe55bbd7f88969fbbfc56d7fe099d47f265460
FILE|image-008.jpg|68|1789547512|image/png|431ced6916a2a21a156e38701afe55bbd7f88969fbbfc56d7fe099d47f265460
FILE|image-024.jpg|68|1789547512|image/png|431ced6916a2a21a156e38701afe55bbd7f88969fbbfc56d7fe099d47f265460
FILE|image-030.jpg|68|1789547512|image/png|431ced6916a2a21a156e38701afe55bbd7f88969fbbfc56d7fe099d47f265460
FILE|image-018.jpg|68|1789547512|image/png|431ced6916a2a21a156e38701afe55bbd7f88969fbbfc56d7fe099d47f265460
FILE|image-019.jpg|68|1789547512|image/png|431ced6916a2a21a156e38701afe55bbd7f88969fbbfc56d7fe099d47f265460
FILE|image-031.jpg|68|1789547512|image/png|431ced6916a2a21a156e38701afe55bbd7f88969fbbfc56d7fe099d47f265460
FILE|image-025.jpg|68|1789547512|image/png|431ced6916a2a21a156e38701afe55bbd7f88969fbbfc56d7fe099d47f265460
FILE|image-033.jpg|68|1789547512|image/png|431ced6916a2a21a156e38701afe55bbd7f88969fbbfc56d7fe099d47f265460
FILE|image-027.jpg|68|1789547512|image/png|431ced6916a2a21a156e38701afe55bbd7f88969fbbfc56d7fe099d47f265460
FILE|image-026.jpg|68|1789547512|image/png|431ced6916a2a21a156e38701afe55bbd7f88969fbbfc56d7fe099d47f265460
FILE|image-032.jpg|68|1789547512|image/png|431ced6916a2a21a156e38701afe55bbd7f88969fbbfc56d7fe099d47f265460
FILE|image-017.jpg|68|1789547512|image/png|431ced6916a2a21a156e38701afe55bbd7f88969fbbfc56d7fe099d47f265460
FILE|image-003.jpg|68|1789547512|image/png|431ced6916a2a21a156e38701afe55bbd7f88969fbbfc56d7fe099d47f265460
FILE|image-002.jpg|68|1789547512|image/png|431ced6916a2a21a156e38701afe55bbd7f88969fbbfc56d7fe099d47f265460
FILE|image-016.jpg|68|1789547512|image/png|431ced6916a2a21a156e38701afe55bbd7f88969fbbfc56d7fe099d47f265460
FILE|image-028.jpg|68|1789547512|image/png|431ced6916a2a21a156e38701afe55bbd7f88969fbbfc56d7fe099d47f265460
FILE|image-000.jpg|68|1789547512|image/png|431ced6916a2a21a156e38701afe55bbd7f88969fbbfc56d7fe099d47f265460
FILE|image-014.jpg|68|1789547512|image/png|431ced6916a2a21a156e38701afe55bbd7f88969fbbfc56d7fe099d47f265460
FILE|image-015.jpg|68|1789547512|image/png|431ced6916a2a21a156e38701afe55bbd7f88969fbbfc56d7fe099d47f265460
FILE|image-001.jpg|68|1789547512|image/png|431ced6916a2a21a156e38701afe55bbd7f88969fbbfc56d7fe099d47f265460
FILE|image-029.jpg|68|1789547512|image/png|431ced6916a2a21a156e38701afe55bbd7f88969fbbfc56d7fe099d47f265460
FILE|image-005.jpg|68|1789547512|image/png|431ced6916a2a21a156e38701afe55bbd7f88969fbbfc56d7fe099d47f265460
FILE|image-011.jpg|68|1789547512|image/png|431ced6916a2a21a156e38701afe55bbd7f88969fbbfc56d7fe099d47f265460
FILE|image-039.jpg|68|1789547512|image/png|431ced6916a2a21a156e38701afe55bbd7f88969fbbfc56d7fe099d47f265460
FILE|image-038.jpg|68|1789547512|image/png|431ced6916a2a21a156e38701afe55bbd7f88969fbbfc56d7fe099d47f265460
FILE|image-010.jpg|68|1789547512|image/png|431ced6916a2a21a156e38701afe55bbd7f88969fbbfc56d7fe099d47f265460
FILE|image-004.jpg|68|1789547512|image/png|431ced6916a2a21a156e38701afe55bbd7f88969fbbfc56d7fe099d47f265460
FILE|image-012.jpg|68|1789547512|image/png|431ced6916a2a21a156e38701afe55bbd7f88969fbbfc56d7fe099d47f265460
FILE|image-006.jpg|68|1789547512|image/png|431ced6916a2a21a156e38701afe55bbd7f88969fbbfc56d7fe099d47f265460
FILE|image-007.jpg|68|1789547512|image/png|431ced6916a2a21a156e38701afe55bbd7f88969fbbfc56d7fe099d47f265460
FILE|image-013.jpg|68|1789547512|image/png|431ced6916a2a21a156e38701afe55bbd7f88969fbbfc56d7fe099d47f265460
FILE|image-048.jpg|68|1789547512|image/png|431ced6916a2a21a156e38701afe55bbd7f88969fbbfc56d7fe099d47f265460
FILE|image-049.jpg|68|1789547512|image/png|431ced6916a2a21a156e38701afe55bbd7f88969fbbfc56d7fe099d47f265460
